{
    "model_params": {
        "d_model": 16,
        "dim_feedforward": 10,
        "dropout": 0.2,
        "nhead": 4,
        "num_layers": 2
    },
    "train_params": {
        "batch_size": 16,
        "epochs": 150,
        "learning_rate": 0.005
    },
    "average_train_accuracy": 0.5743333333333333,
    "average_val_accuracy": 0.46399999999999997,
    "average_train_loss": 1.3319737815856934,
    "average_val_loss": 1.4708590202331542
}