accuracy,val_accuracy,loss,val_loss
0.18,,2.106664161682129,
0.21,,2.0479650497436523,
0.2,,2.0940701293945314,
0.27,,2.028429412841797,
0.31,,1.9804534912109375,
0.36,,1.9722522354125978,
0.27,,2.0304468154907225,
0.31,,1.9419864654541015,
0.33,,2.0306606674194336,
0.33,,1.9454842758178712,
