{
    "model_params": {
        "hidden_layers": [
            8
        ]
    },
    "train_params": {
        "batch_size": 256,
        "epochs": 150,
        "learning_rate": 0.005
    },
    "average_train_accuracy": 0.9976666666666666,
    "average_val_accuracy": 0.947,
    "average_train_loss": 0.9299720662434896,
    "average_val_loss": 0.9872039012908935
}