Feature,Correlation with Genre
track_popularity,-0.1264571911960441
danceability,-0.22861595080320182
energy,-0.08465470420996184
key,-0.12283196998593937
loudness,-0.1351921445701114
mode,0.07673858535356953
speechiness,0.07638680054891392
acousticness,-0.1692505318723753
instrumentalness,-0.09663066024563409
liveness,-0.10326601127514094
valence,-0.14247039147499596
tempo,0.20109654038265798
duration_ms,0.28655793385667105
